<?xml version="1.0" encoding="UTF-8" standalone="yes"?>
<manifest>
  <control namespace="XRMTools" constructor="TwitterFeedControl" version="0.0.1" display-name-key="TwitterFeedControl" description-key="TwitterFeedControl description" control-type="standard" api-version="1.2.1">
    <property name="twitterProperty" display-name-key="Property_Display_Key" description-key="Property_Desc_Key" of-type="SingleLine.Text" usage="bound" required="true"/>
    <resources>
      <code path="bundle.js" order="1"/>
      <css path="css/TwitterFeedControl.css" order="1"/>
    </resources>
    <built-by name="pac" version="0.4.3"/>
  </control>
</manifest>